CREATE TABLE "JMPS"."CLIENTE" 
  ("RUTCLIENTE" NUMBER(9) NOT NULL ENABLE, 
	"CLINOMBRES" VARCHAR2(30) NOT NULL ENABLE, 
    "CLIAPELLIDOS" VARCHAR2(50 BYTE) NOT NULL ENABLE, 
    "CLITELEFONO" VARCHAR2(50 BYTE) NOT NULL ENABLE,
    "CLIAAFP" VARCHAR2(30 BYTE),
    "CLISISTEMASALUD" NUMBER(2),
	"CLIDIRECCION" VARCHAR2(100 BYTE) NOT NULL ENABLE, 
    "CLICOMUNAS" VARCHAR2(50 BYTE) NOT NULL ENABLE,
    "CLIEDAD" NUMBER(3) NOT NULL ENABLE,
     CONSTRAINT "CLIENTE_PK" PRIMARY KEY ("RUTCLIENTE")
    USING INDEX PCTFREE 10 INITRANS 2 MAXTRANS 255 COMPUTE STATISTICS 
    STORAGE(INITIAL 65536 NEXT 1048576 MINEXTENTS 1 MAXEXTENTS 2147483645
    PCTINCREASE 0 FREELISTS 1 FREELIST GROUPS 1 BUFFER_POOL DEFAULT FLASH_CACHE DEFAULT CELL_FLASH_CACHE DEFAULT)
    TABLESPACE "SYSTEM"  ENABLE
    ) PCTFREE 10 PCTUSED 40 INITRANS 1 MAXTRANS 255 NOCOMPRESS LOGGING
    STORAGE(INITIAL 65536 NEXT 1048576 MINEXTENTS 1 MAXEXTENTS 2147483645
    PCTINCREASE 0 FREELISTS 1 FREELIST GROUPS 1 BUFFER_POOL DEFAULT FLASH_CACHE DEFAULT CELL_FLASH_CACHE DEFAULT)
    TABLESPACE "SYSTEM" ;


 CREATE TABLE "JMPS"."CAPACITACION" 
   (	"IDCAPACITACION" NUMBER(9,0) NOT NULL ENABLE, 
	"CAPFECHA" DATE NOT NULL ENABLE, 
	"CAPHORA" DATE, 
	"CAPLUGAR" VARCHAR2(100 BYTE) NOT NULL ENABLE, 
	"CAPDURACION" NUMBER(4,0), 
	"CLIENTE_RUTCLIENTE" NUMBER(9,0), 
	 CONSTRAINT "CAPACITACION_PK2" PRIMARY KEY ("IDCAPACITACION")
      -- cambiar linea anterior por esta CONSTRAINT "CAPACITACION_PK2" PRIMARY KEY ("IDCAPACITACION")
  USING INDEX PCTFREE 10 INITRANS 2 MAXTRANS 255 COMPUTE STATISTICS 
  STORAGE(INITIAL 65536 NEXT 1048576 MINEXTENTS 1 MAXEXTENTS 2147483645
  PCTINCREASE 0 FREELISTS 1 FREELIST GROUPS 1 BUFFER_POOL DEFAULT FLASH_CACHE DEFAULT CELL_FLASH_CACHE DEFAULT)
  TABLESPACE "SYSTEM"  ENABLE, 
	 CONSTRAINT "CAPACITACION_FK1" FOREIGN KEY ("IDCAPACITACION")
	  REFERENCES "JMPS"."CLIENTE" ("RUTCLIENTE") ENABLE
   ) PCTFREE 10 PCTUSED 40 INITRANS 1 MAXTRANS 255 NOCOMPRESS LOGGING
  STORAGE(INITIAL 65536 NEXT 1048576 MINEXTENTS 1 MAXEXTENTS 2147483645
  PCTINCREASE 0 FREELISTS 1 FREELIST GROUPS 1 BUFFER_POOL DEFAULT FLASH_CACHE DEFAULT CELL_FLASH_CACHE DEFAULT)
  TABLESPACE "SYSTEM" ;
  
  CREATE TABLE "JMPS"."ASISTENTES" 
   (	"IDASISTENTE" NUMBER(9,0) NOT NULL ENABLE, 
	"ASISTNOMBRECOMPLETO" VARCHAR2(100 BYTE) NOT NULL ENABLE, 
	"ASISTEDAD" NUMBER(3,0) NOT NULL ENABLE, 
	"ASISTCORREO" VARCHAR2(70 BYTE), 
	"ASISTTELEFONO" VARCHAR2(20 BYTE), 
	"CAPACITACION_IDCAPACITACION" NUMBER(9,0) NOT NULL ENABLE, 
	 CONSTRAINT "ASISTENTES_PK" PRIMARY KEY ("IDASISTENTE")
  USING INDEX PCTFREE 10 INITRANS 2 MAXTRANS 255 
  STORAGE(INITIAL 65536 NEXT 1048576 MINEXTENTS 1 MAXEXTENTS 2147483645
  PCTINCREASE 0 FREELISTS 1 FREELIST GROUPS 1 BUFFER_POOL DEFAULT FLASH_CACHE DEFAULT CELL_FLASH_CACHE DEFAULT)
  TABLESPACE "SYSTEM"  ENABLE, 
	 CONSTRAINT "ASISTENTES_FK" FOREIGN KEY ("IDASISTENTE")
	  REFERENCES "JMPS"."CAPACITACION" ("IDCAPACITACION") ENABLE
   ) PCTFREE 10 PCTUSED 40 INITRANS 1 MAXTRANS 255 NOCOMPRESS LOGGING
  STORAGE(INITIAL 65536 NEXT 1048576 MINEXTENTS 1 MAXEXTENTS 2147483645
  PCTINCREASE 0 FREELISTS 1 FREELIST GROUPS 1 BUFFER_POOL DEFAULT FLASH_CACHE DEFAULT CELL_FLASH_CACHE DEFAULT)
  TABLESPACE "SYSTEM" ;
  
  CREATE TABLE "JMPS"."ACCIDENTE" 
   (	"IDACCIDENTE" NUMBER(9,0) NOT NULL ENABLE, 
	"ACCIFECHA" DATE NOT NULL ENABLE, 
	"ACCIHORA" DATE NOT NULL ENABLE, 
	"ACCILUGAR" VARCHAR2(150 BYTE) NOT NULL ENABLE, 
	"ACCIORIGEN" VARCHAR2(100 BYTE) NOT NULL ENABLE, 
	"ACCICONCECUENCIAS" VARCHAR2(100 BYTE), 
	"CLIENTE_RUTCLIENTE" NUMBER(9,0) NOT NULL ENABLE, 
	 CONSTRAINT "ACCIDENTE_PK" PRIMARY KEY ("IDACCIDENTE")
  USING INDEX PCTFREE 10 INITRANS 2 MAXTRANS 255 
  STORAGE(INITIAL 65536 NEXT 1048576 MINEXTENTS 1 MAXEXTENTS 2147483645
  PCTINCREASE 0 FREELISTS 1 FREELIST GROUPS 1 BUFFER_POOL DEFAULT FLASH_CACHE DEFAULT CELL_FLASH_CACHE DEFAULT)
  TABLESPACE "SYSTEM"  ENABLE, 
	 CONSTRAINT "ACCIDENTE_FK" FOREIGN KEY ("IDACCIDENTE")
	  REFERENCES "JMPS"."CLIENTE" ("RUTCLIENTE") ENABLE
   ) PCTFREE 10 PCTUSED 40 INITRANS 1 MAXTRANS 255 NOCOMPRESS LOGGING
  STORAGE(INITIAL 65536 NEXT 1048576 MINEXTENTS 1 MAXEXTENTS 2147483645
  PCTINCREASE 0 FREELISTS 1 FREELIST GROUPS 1 BUFFER_POOL DEFAULT FLASH_CACHE DEFAULT CELL_FLASH_CACHE DEFAULT)
  TABLESPACE "SYSTEM" ;
  
  CREATE TABLE "JMPS"."VISITA" 
   (	"IDVISITA" NUMBER(9,0) NOT NULL ENABLE, 
	"VISFECHA" DATE NOT NULL ENABLE, 
	"VISHORA" DATE, 
	"VISLUGAR" VARCHAR2(50 BYTE) NOT NULL ENABLE, 
	"VISCOMENTARIOS" VARCHAR2(250 BYTE) NOT NULL ENABLE, 
	"CLIENTE_RUTCLIENTE" NUMBER(9,0) NOT NULL ENABLE, 
	 CONSTRAINT "VISITA_PK" PRIMARY KEY ("IDVISITA")
  USING INDEX PCTFREE 10 INITRANS 2 MAXTRANS 255 
  STORAGE(INITIAL 65536 NEXT 1048576 MINEXTENTS 1 MAXEXTENTS 2147483645
  PCTINCREASE 0 FREELISTS 1 FREELIST GROUPS 1 BUFFER_POOL DEFAULT FLASH_CACHE DEFAULT CELL_FLASH_CACHE DEFAULT)
  TABLESPACE "SYSTEM"  ENABLE, 
	 CONSTRAINT "VISITA_CLIENTE_FK" FOREIGN KEY ("IDVISITA")
	  REFERENCES "JMPS"."CLIENTE" ("RUTCLIENTE") ENABLE
   ) PCTFREE 10 PCTUSED 40 INITRANS 1 MAXTRANS 255 NOCOMPRESS LOGGING
  STORAGE(INITIAL 65536 NEXT 1048576 MINEXTENTS 1 MAXEXTENTS 2147483645
  PCTINCREASE 0 FREELISTS 1 FREELIST GROUPS 1 BUFFER_POOL DEFAULT FLASH_CACHE DEFAULT CELL_FLASH_CACHE DEFAULT)
  TABLESPACE "SYSTEM" ;
  
  --tablas franco
 CREATE TABLE chequeos (
	idchequeo NUMBER(9) CONSTRAINT chequeos_PK PRIMARY KEY,
        nombrechequeo VARCHAR2(20) CONSTRAINT nombrechequeo1 NOT NULL
); 
  
 CREATE TABLE "JMPS"."REGISTRACHEQUEOS" 
   (	"IDREGISTACHQUQEO" NUMBER, 
	"CUMPLIMIENTO" VARCHAR2(10 BYTE) CONSTRAINT "CUMPLIMIENTO1" NOT NULL ENABLE, 
	 CONSTRAINT "REGISTROCHEQUEOS_PK" PRIMARY KEY ("IDREGISTACHQUQEO")
  USING INDEX PCTFREE 10 INITRANS 2 MAXTRANS 255 
  STORAGE(INITIAL 65536 NEXT 1048576 MINEXTENTS 1 MAXEXTENTS 2147483645
  PCTINCREASE 0 FREELISTS 1 FREELIST GROUPS 1 BUFFER_POOL DEFAULT FLASH_CACHE DEFAULT CELL_FLASH_CACHE DEFAULT)
  TABLESPACE "SYSTEM"  ENABLE, 
	 CONSTRAINT "REGISTRACHEQUEOS_FK1" FOREIGN KEY ("IDREGISTACHQUQEO")
	  REFERENCES "JMPS"."CHEQUEOS" ("IDCHEQUEO") ENABLE, 
	 CONSTRAINT "REGISTRACHEQUEOS_FK2" FOREIGN KEY ("IDREGISTACHQUQEO")
	  REFERENCES "JMPS"."VISITA" ("IDVISITA") ENABLE
   ) SEGMENT CREATION IMMEDIATE 
  PCTFREE 10 PCTUSED 40 INITRANS 1 MAXTRANS 255 NOCOMPRESS LOGGING
  STORAGE(INITIAL 65536 NEXT 1048576 MINEXTENTS 1 MAXEXTENTS 2147483645
  PCTINCREASE 0 FREELISTS 1 FREELIST GROUPS 1 BUFFER_POOL DEFAULT FLASH_CACHE DEFAULT CELL_FLASH_CACHE DEFAULT)
  TABLESPACE "SYSTEM" ;
  
 CREATE TABLE "JMPS"."USUARIOS" 
   (	"IDUSUARIO" NUMBER, 
	"RUNUSUARIO" NUMBER(9,0) CONSTRAINT "RUNUSUARIO1" NOT NULL ENABLE, 
	"NOMBRE" VARCHAR2(30 BYTE) CONSTRAINT "NOMBRE1" NOT NULL ENABLE, 
	"APELLIDO" VARCHAR2(50 BYTE) CONSTRAINT "APELLIDOS1" NOT NULL ENABLE, 
	"FECHANACIMIENTO" DATE, 
	 CONSTRAINT "USUARIO_RUN_PK" PRIMARY KEY ("IDUSUARIO")
  USING INDEX PCTFREE 10 INITRANS 2 MAXTRANS 255 
  STORAGE(INITIAL 65536 NEXT 1048576 MINEXTENTS 1 MAXEXTENTS 2147483645
  PCTINCREASE 0 FREELISTS 1 FREELIST GROUPS 1 BUFFER_POOL DEFAULT FLASH_CACHE DEFAULT CELL_FLASH_CACHE DEFAULT)
  TABLESPACE "SYSTEM"  ENABLE, 
	 CONSTRAINT "USUARIOS_FK1" FOREIGN KEY ("IDUSUARIO")
	  REFERENCES "JMPS"."CLIENTE" ("RUTCLIENTE") ENABLE
   ) SEGMENT CREATION IMMEDIATE 
  PCTFREE 10 PCTUSED 40 INITRANS 1 MAXTRANS 255 NOCOMPRESS LOGGING
  STORAGE(INITIAL 65536 NEXT 1048576 MINEXTENTS 1 MAXEXTENTS 2147483645
  PCTINCREASE 0 FREELISTS 1 FREELIST GROUPS 1 BUFFER_POOL DEFAULT FLASH_CACHE DEFAULT CELL_FLASH_CACHE DEFAULT)
  TABLESPACE "SYSTEM" ;

CREATE TABLE "JMPS"."ADMINISTRATIVOS" 
   (	"IDADMINISTRATIVO" NUMBER, 
	"RUNADM" NUMBER(9,0) CONSTRAINT "RUNADM1" NOT NULL ENABLE, 
	"NOMBRES" VARCHAR2(30 BYTE) CONSTRAINT "NOMBRES2" NOT NULL ENABLE, 
	"APELLIDOS" VARCHAR2(50 BYTE) CONSTRAINT "APELLIDOS2" NOT NULL ENABLE, 
	"CORREOELECTRONICO" VARCHAR2(50 BYTE) CONSTRAINT "CORREO1" NOT NULL ENABLE, 
	"AREA" VARCHAR2(10 BYTE), 
	 CONSTRAINT "ADM_PK" PRIMARY KEY ("IDADMINISTRATIVO")
  USING INDEX PCTFREE 10 INITRANS 2 MAXTRANS 255 
  STORAGE(INITIAL 65536 NEXT 1048576 MINEXTENTS 1 MAXEXTENTS 2147483645
  PCTINCREASE 0 FREELISTS 1 FREELIST GROUPS 1 BUFFER_POOL DEFAULT FLASH_CACHE DEFAULT CELL_FLASH_CACHE DEFAULT)
  TABLESPACE "SYSTEM"  ENABLE, 
	 CONSTRAINT "ADMINISTRATIVOS_FK1" FOREIGN KEY ("IDADMINISTRATIVO")
	  REFERENCES "JMPS"."USUARIOS" ("IDUSUARIO") ENABLE
   ) SEGMENT CREATION IMMEDIATE 
  PCTFREE 10 PCTUSED 40 INITRANS 1 MAXTRANS 255 NOCOMPRESS LOGGING
  STORAGE(INITIAL 65536 NEXT 1048576 MINEXTENTS 1 MAXEXTENTS 2147483645
  PCTINCREASE 0 FREELISTS 1 FREELIST GROUPS 1 BUFFER_POOL DEFAULT FLASH_CACHE DEFAULT CELL_FLASH_CACHE DEFAULT)
  TABLESPACE "SYSTEM" ;

CREATE TABLE "JMPS"."PROFESIONALES" 
   (	"IDPROFESIONAL" NUMBER, 
	"RUNPRO" NUMBER(9,0) CONSTRAINT "RUNPROFESIONAL1" NOT NULL ENABLE, 
	"NOMBRES" VARCHAR2(30 BYTE) CONSTRAINT "NOMBRES3" NOT NULL ENABLE, 
	"APELLIDOS" VARCHAR2(50 BYTE) CONSTRAINT "APELLIDOS4" NOT NULL ENABLE, 
	"TELEFONO" NUMBER(10,0) CONSTRAINT "TELEFONO1" NOT NULL ENABLE, 
	"TITULOPROFESIONAL" VARCHAR2(40 BYTE) CONSTRAINT "TITULOPROFESIONAL1" NOT NULL ENABLE, 
	"PROYECTO" VARCHAR2(10 BYTE), 
	 CONSTRAINT "PROF_PK" PRIMARY KEY ("IDPROFESIONAL")
  USING INDEX PCTFREE 10 INITRANS 2 MAXTRANS 255 
  STORAGE(INITIAL 65536 NEXT 1048576 MINEXTENTS 1 MAXEXTENTS 2147483645
  PCTINCREASE 0 FREELISTS 1 FREELIST GROUPS 1 BUFFER_POOL DEFAULT FLASH_CACHE DEFAULT CELL_FLASH_CACHE DEFAULT)
  TABLESPACE "SYSTEM"  ENABLE, 
	 CONSTRAINT "PROFESIONALES_FK1" FOREIGN KEY ("IDPROFESIONAL")
	  REFERENCES "JMPS"."USUARIOS" ("IDUSUARIO") ENABLE
   ) SEGMENT CREATION IMMEDIATE 
  PCTFREE 10 PCTUSED 40 INITRANS 1 MAXTRANS 255 NOCOMPRESS LOGGING
  STORAGE(INITIAL 65536 NEXT 1048576 MINEXTENTS 1 MAXEXTENTS 2147483645
  PCTINCREASE 0 FREELISTS 1 FREELIST GROUPS 1 BUFFER_POOL DEFAULT FLASH_CACHE DEFAULT CELL_FLASH_CACHE DEFAULT)
  TABLESPACE "SYSTEM" ;

--Tablas Miguel

CREATE TABLE RECOMENDACIONES 
(
  ID_RECO VARCHAR2(20 BYTE) NOT NULL 
, TITULO_RECO VARCHAR2(20 BYTE) NOT NULL 
, DESC_RECO VARCHAR2(20 BYTE) NOT NULL 
, PLAZO_RECO VARCHAR2(20 BYTE) NOT NULL 
, CONSTRAINT RECOMENDACIONES_PK PRIMARY KEY 
  (
    ID_RECO 
  )
  USING INDEX 
  (
      CREATE UNIQUE INDEX RECOMENDACIONES_PK ON RECOMENDACIONES (ID_RECO ASC) 
      LOGGING 
      TABLESPACE SYSTEM 
      PCTFREE 10 
      INITRANS 2 
      STORAGE 
      ( 
        INITIAL 65536 
        NEXT 1048576 
        MINEXTENTS 1 
        MAXEXTENTS UNLIMITED 
        FREELISTS 1 
        FREELIST GROUPS 1 
        BUFFER_POOL DEFAULT 
      ) 
      NOPARALLEL 
  )
  ENABLE 
) 
LOGGING 
TABLESPACE SYSTEM
PCTFREE 10 
PCTUSED 40 
INITRANS 1 
STORAGE 
( 
  INITIAL 65536 
  NEXT 1048576 
  MINEXTENTS 1 
  MAXEXTENTS UNLIMITED 
  FREELISTS 1 
  FREELIST GROUPS 1 
  BUFFER_POOL DEFAULT 
) 
NOPARALLEL;
CREATE TABLE "JMPS"."REGISTRA_ASESORIA" 
   (	"ID_ASESORIA" VARCHAR2(20 BYTE) NOT NULL ENABLE, 
	"FECHA_ASESORIA" VARCHAR2(20 BYTE) NOT NULL ENABLE, 
	"MOTIVO_ASESORIA" VARCHAR2(20 BYTE) NOT NULL ENABLE, 
	"IDPROFESIONAL" VARCHAR2(20 BYTE) NOT NULL ENABLE, 
	 CONSTRAINT "REGISTRA_ASESORIA_PK" PRIMARY KEY ("ID_ASESORIA")
  USING INDEX PCTFREE 10 INITRANS 2 MAXTRANS 255 
  STORAGE(INITIAL 65536 NEXT 1048576 MINEXTENTS 1 MAXEXTENTS 2147483645
  PCTINCREASE 0 FREELISTS 1 FREELIST GROUPS 1 BUFFER_POOL DEFAULT FLASH_CACHE DEFAULT CELL_FLASH_CACHE DEFAULT)
  TABLESPACE "SYSTEM"  ENABLE
   ) SEGMENT CREATION IMMEDIATE 
  PCTFREE 10 PCTUSED 40 INITRANS 1 MAXTRANS 255 NOCOMPRESS LOGGING
  STORAGE(INITIAL 65536 NEXT 1048576 MINEXTENTS 1 MAXEXTENTS 2147483645
  PCTINCREASE 0 FREELISTS 1 FREELIST GROUPS 1 BUFFER_POOL DEFAULT FLASH_CACHE DEFAULT CELL_FLASH_CACHE DEFAULT)
  TABLESPACE "SYSTEM" ;
  

CREATE TABLE REGISTRA_PAGO 
(
  ID_PAGO VARCHAR2(20 BYTE) NOT NULL 
, FECHA_PAGO VARCHAR2(20 BYTE) NOT NULL 
, MONTO_PAGO VARCHAR2(20 BYTE) NOT NULL 
, MES_PAGO VARCHAR2(20 BYTE) NOT NULL 
, AÑO_PAGO VARCHAR2(20 BYTE) NOT NULL 
, RP_RUTCLIENTE VARCHAR2(20 BYTE) NOT NULL 
, CONSTRAINT REGISTRA_PAGO_PK PRIMARY KEY 
  (
    ID_PAGO 
  )
  USING INDEX 
  (
      CREATE UNIQUE INDEX REGISTRA_PAGO_PK ON REGISTRA_PAGO (ID_PAGO ASC) 
      LOGGING 
      TABLESPACE SYSTEM
      PCTFREE 10 
      INITRANS 2 
      STORAGE 
      ( 
        INITIAL 65536 
        NEXT 1048576 
        MINEXTENTS 1 
        MAXEXTENTS UNLIMITED 
        FREELISTS 1 
        FREELIST GROUPS 1 
        BUFFER_POOL DEFAULT 
      ) 
      NOPARALLEL 
  )
  ENABLE 
)
LOGGING 
TABLESPACE SYSTEM
PCTFREE 10 
PCTUSED 40 
INITRANS 1 
STORAGE 
( 
  INITIAL 65536 
  NEXT 1048576 
  MINEXTENTS 1 
  MAXEXTENTS UNLIMITED 
  FREELISTS 1 
  FREELIST GROUPS 1 
  BUFFER_POOL DEFAULT 
) 
NOPARALLEL;

INSERT INTO usuarios (idusuario, runusuarios,nombre,apellidos,fechanacimiento) VALUES (1,145847953, jose,acuña,15/02/1987);
INSERT INTO usuarios (idusuario, runusuarios,nombre,apellidos,fechanacimiento) VALUES 
(2,157869852, martin,martinez,03/05/1985);
INSERT INTO usuarios (idusuario, runusuarios,nombre,apellidos,fechanacimiento) VALUES (3,187562454, alejandra,basigalupo,20/06/1998);
INSERT INTO usuarios (idusuario, runusuarios,nombre,apellidos,fechanacimiento) VALUES (4,108796512, romina,guzman,08/11/1977);
INSERT INTO usuarios (idusuario, runusuarios,nombre,apellidos,fechanacimiento) VALUES (5,175878524, susana, ramirez, 05/09/1991);
INSERT INTO usuarios (idusuario, runusuarios,nombre,apellidos,fechanacimiento) VALUES (6,107851569, alfredo,segura,15/03/1979);
INSERT INTO usuarios (idusuario, runusuarios,nombre,apellidos,fechanacimiento) VALUES (7,168754215, arturo,sanchez,28/08/1981);
INSERT INTO usuarios (idusuario, runusuarios,nombre,apellidos,fechanacimiento) VALUES (8,102653254, john,vidal,15/20/1986);
INSERT INTO usuarios (idusuario, runusuarios,nombre,apellidos,fechanacimiento) VALUES (9,165847953, byron,aranguiz,15/20/1976);

INSERT INTO cliente (rutcliente, clinombres,cliapellidos, clitelefono,cliaafp,clisistemasalud,clidireccion,clicomunas,cliedad) VALUES (145847953,jose,acuña,98754212,'provida','fonasa','av recoleta 1456','recoleta',35);
INSERT INTO cliente (rutcliente, clinombres,cliapellidos, clitelefono,cliaafp,clisistemasalud,clidireccion,clicomunas,cliedad) VALUES (157869852,martin,martinez,97845212,'habitat','fonasa','av departamnetal 15568','la cisterna',45);
INSERT INTO cliente (rutcliente, clinombres,cliapellidos, clitelefono,cliaafp,clisistemasalud,clidireccion,clicomunas,cliedad) VALUES (187562454,alejandra,basigalupo,'modelo','fonasa','av santa rosa 125862','la granja',24);

INSER INTO administrativo (idadministrativo,runadm,nombres,apellidos,correoelectronico,area) VALUES (1,108796512,'romina','guzman','romina@null.cl','nose');
INSER INTO administrativo (idadministrativo,runadm,nombres,apellidos,correoelectronico,area) VALUES (2,175878524,'susana','guzman','sunana@null.cl','nose');
INSER INTO administrativo (idadministrativo,runadm,nombres,apellidos,correoelectronico,area) VALUES (3,107851569,'alfredo','segura','alfredo@null.cl','no se' );

INSERT INTO profesionales (idprofesional, runpro, nombres, apellidos, telefono, tituloprofesional,proyecto) VALUES (1,168754215,'arturo','sanchez',985475421, 'ingeniero acustica', 'Metales Los Alpes');
INSERT INTO profesionales (idprofesional, runpro, nombres, apellidos, telefono, tituloprofesional,proyecto) VALUES (2,102653254,'john','vidal',984125456,'prevención de riego', 'Condominio Alcantara');
INSERT INTO profesionales (idprofesional, runpro, nombres, apellidos, telefono, tituloprofesional,proyecto) VALUES (3,165847953,'byron','aranguiz',956455123, 'Ingeniero en prevenciónde riesgo','Fundicon San Pedro');

INSERT INTO capacitacion (idcapacitacion,capfecha,caphora,caplugar,capduracion,cliente_rutcliente) VALUES (1,15/10/2020,11:00,'sede centro',90,145847953);
INSERT INTO capacitacion (idcapacitacion,capfecha,caphora,caplugar,capduracion,cliente_rutcliente) VALUES (2,24/10/2020,18:00,'sede centro',60,157869852);
INSERT INTO capacitacion (idcapacitacion,capfecha,caphora,caplugar,capduracion,cliente) VALUES (3,05/10/2020,14:00,'sede centro',30,187562454);

INSERT INTO asistentes (idasistentes,asistnombrecompleto,asitedad,asistcorreo,asisttelefono,capacitacion_idcapacitacion) VALUES (1,'juan romero segura',30,'juan@null.cl',984544551,1);
INSERT INTO asistentes (idasistentes,asistnombrecompleto,asitedad,asistcorreo,asisttelefono,capacitacion_idcapacitacion) VALUES (2,'julieta serrano',28,'julieta@null.cl',945123512,2);
INSERT INTO asistentes (idasistentes,asistnombrecompleto,asitedad,asistcorreo,asisttelefono,capacitacion_idcapacitacion) VALUES (3,'gonzalo nunez munoz',40,'gonzalo@null.cl',98755442,3);

INSERT INTO accidente (idaccidente,accifecha,accihora,accilugar,acciorigen,acciconsecuencias,cliente_rutcliente ) VALUES (1,14/05/2020,16:00,'independencia','fabrica','daño en extremidades superiores',145847953);
INSERT INTO accidente (idaccidente,accifecha,accihora,accilugar,acciorigen,acciconsecuencias,cliente_rutcliente ) VALUES (2,07/06/2020,12:00,'pedro aguire cerda','fabrica','desmayo',157869852);
INSERT INTO accidente (idaccidente,accifecha,accihora,accilugar,acciorigen,acciconsecuencias,cliente_rutcliente ) VALUES (3,14/03/2020, 18:00,'santiago centro','fabrica','irritacion en la piel',187562454);

INSERT INTO visita (idvisita,visfecha,vishora,vislugar,viscomnetarios,cliente_rutcliente) VALUES (1,15/10/2020,14:00,'recoleta','ok',1);
INSERT INTO visita (idvisita,visfecha,vishora,vislugar,viscomnetarios,cliente_rutcliente) VALUES (2,24/09/2020,11:00,'la granja','ok',2);
INSERT INTO visita (idvisita,visfecha,vishora,vislugar,viscomnetarios,cliente_rutcliente) VALUES (3,15/09/2020,16:00,'calera','ok',3);

INSERT INTO chequeos (idchequeos,nombrehequeos) VALUES (1,'revision 01'); 
INSERT INTO chequeos (idchequeos,nombrehequeos) VALUES (2,'revision 02'); 
INSERT INTO chequeos (idchequeos,nombrehequeos) VALUES (3,'revision 03'); 

INSERT INTO registachequeos (idregistachequeos,cumplimiento) VALUES (1,'cumple');
INSERT INTO registachequeos (idregistachequeos,cumplimiento) VALUES (2,'cumple con observación');
INSERT INTO registachequeos (idregistachequeos,cumplimiento) VALUES (3,'no cumple');

INSERT INTO recomendaciones (id_reco,titulo_reco,desc_reco,plazo_reco) VALUES (1,'sobrepasa niveles maximos ','usar protección auditiva','30 dias');
INSERT INTO recomendaciones (id_reco,titulo_reco,desc_reco,plazo_reco) VALUES (2,'sin elementos de protección','uso de casco','10 dias');
INSERT INTO recomendaciones (id_reco,titulo_reco,desc_reco,plazo_reco) VALUES (3,'sin protección visual','uso de lentes de protección','20 dias');

INSERT INTO registra_asesoria (id_asesoria,fecha_asesoria,motivo_asesoria,id_profesional) VALUES (1, 05/06/2020,'reclamos por ruidos molestos',1);
INSERT INTO registra_asesoria (id_asesoria,fecha_asesoria,motivo_asesoria,id_profesional) VALUES (2, 02/02/2020, 'accidente por meaterial suelto',2);
INSERT INTO registra_asesoria (id_asesoria,fecha_asesoria,motivo_asesoria,id_profesional) VALUES (3,10/04/2020,'accidente con daños oculares',3);


INSERT INTO registra_pago (idpagos,fecha_pago,monto_pago,mes_pago,año_pago,id_cliente) VALUES (1,15/10/2020,500.000,05,2020);
INSERT INTO registra_pago (idpagos,fecha_pago,monto_pago,mes_pago,año_pago,id_cliente) VALUES (2,02/10/2020,750.000,06,2020);
INSERT INTO registra_pago (idpagos,fecha_pago,monto_pago,mes_pago,año_pago,id_cliente) VALUES (3,30/10/2020,600.000,07,2020;





